"#SampleID"	"Plant"	"BarcodeSequence"	"LinkerPrimerSequence"	"Loc"	"FW"	"Type_of_soil"	"Root_L"	"Stem_L"	"Root_DW"	"Treatment"	"TOC"	"Root_FW"	"ReversePrimer"	"Leaves_No"	"SMC"	"pH"	"Silt"	"WHC"	"TN"	"Plot"	"EC"	"DW"	"Sand"	"Clay"	"Arbus_per"	"Cod_No"	"Code"	"Month"	"Description"
"1.1.2US"	0	"TAGGCATGAAGGAGTA"	"TAGCATGGAATAATNNAATA"	0	0	"Uncultivated"	0	0	0	1	31.99	0	"TCTGGACCTGGTGAGTTTCC"	0	9.03	8.07	30.61	607.4	1.68	1	2.06	0	53.76	15.62	0	0	0	2	"US_P1_T1_2"
"1.2.2US"	0	"CGAGGCTGTATCCTCT"	"TAGCATGGAATAATNNAATA"	0	0	"Uncultivated"	0	0	0	2	31.99	0	"TCTGGACCTGGTGAGTTTCC"	0	9.03	8.07	30.61	607.4	1.68	1	2.06	0	53.76	15.62	0	0	0	2	"US_P1_T2_2"
"1.2.4US"	0	"CGAGGCTGAGAGTAGA"	"TAGCATGGAATAATNNAATA"	0	0	"Uncultivated"	0	0	0	2	31.99	0	"TCTGGACCTGGTGAGTTTCC"	0	9.03	8.07	30.61	607.4	1.68	1	2.06	0	53.76	15.62	0	0	0	4	"US_P1_T2_4"
"1.2NR"	1	"TAGGCATGAAGGAGTA"	"TAGCATGGAATAATNNAATA"	1	36.2	"Non-rizospheric"	37	45	3.2	3	36	10.7	"TCTGGACCTGGTGAGTTTCC"	5	5.17	7.6	28.86	590.4	1.81	2	1.77	9.9	59.04	12.09	40	56	2	2	"NR_L1_P2_T3_C2_2"
"1.2RO"	1	"TAAGGCGATATCCTCT"	"TAGCATGGAATAATNNAATA"	1	36.2	"Roots"	37	45	3.2	3	36	10.7	"TCTGGACCTGGTGAGTTTCC"	5	5.17	7.6	28.86	590.4	1.81	2	1.77	9.9	59.04	12.09	40	3	2	2	"RO_L1_P2_T3_C2_2"
"1.8NR"	2	"AAGAGGCACTCTCTAT"	"TAGCATGGAATAATNNAATA"	1	39	"Non-rizospheric"	36	37	1.6	3	31.99	8.1	"TCTGGACCTGGTGAGTTTCC"	6	9.03	8.07	30.61	607.4	1.68	1	2.06	8.5	53.76	15.62	28.57	61	8	2	"NR_L1_P1_T3_C8_2"
"1.8RI"	2	"GGACTCCTACTGCATA"	"TAGCATGGAATAATNNAATA"	1	39	"Rizospheric"	36	37	1.6	3	31.99	8.1	"TCTGGACCTGGTGAGTTTCC"	6	9.03	8.07	30.61	607.4	1.68	1	2.06	8.5	53.76	15.62	28.57	34	8	2	"RI_L1_P1_T3_C8_2"
"1.8RO"	2	"TAAGGCGACTAAGCCT"	"TAGCATGGAATAATNNAATA"	1	39	"Roots"	36	37	1.6	3	31.99	8.1	"TCTGGACCTGGTGAGTTTCC"	6	9.03	8.07	30.61	607.4	1.68	1	2.06	8.5	53.76	15.62	28.57	8	8	2	"RO_L1_P1_T3_C8_2"
"2.1.2US"	0	"AAGAGGCACTCTCTAT"	"TAGCATGGAATAATNNAATA"	0	0	"Uncultivated"	0	0	0	1	36	0	"TCTGGACCTGGTGAGTTTCC"	0	5.17	7.6	28.86	590.4	1.81	2	1.77	0	59.04	12.09	0	0	0	2	"US_P2_T1_2"
"2.10NR"	3	"GTAGAGGACTCTCTAT"	"TAGCATGGAATAATNNAATA"	2	53.4	"Non-rizospheric"	41	49	1.6	3	36	13.5	"TCTGGACCTGGTGAGTTTCC"	6	5.17	7.6	28.86	590.4	1.81	2	1.77	6.2	59.04	12.09	62.5	64	10	2	"NR_L2_P2_T3_C10_2"
"2.10RI"	3	"CGAGGCTGTAGATCGC"	"TAGCATGGAATAATNNAATA"	2	53.4	"Rizospheric"	41	49	1.6	3	36	13.5	"TCTGGACCTGGTGAGTTTCC"	6	5.17	7.6	28.86	590.4	1.81	2	1.77	6.2	59.04	12.09	62.5	37	10	2	"RI_L2_P2_T3_C10_2"
"2.10RO"	3	"CGTACTAGTATCCTCT"	"TAGCATGGAATAATNNAATA"	2	53.4	"Roots"	41	49	1.6	3	36	13.5	"TCTGGACCTGGTGAGTTTCC"	6	5.17	7.6	28.86	590.4	1.81	2	1.77	6.2	59.04	12.09	62.5	11	10	2	"RO_L2_P2_T3_C10_2"
"2.11NR"	4	"GTAGAGGAACTGCATA"	"TAGCATGGAATAATNNAATA"	2	139.8	"Non-rizospheric"	53	71	2	1	36	44.1	"TCTGGACCTGGTGAGTTTCC"	10	5.17	7.6	28.86	590.4	1.81	2	1.77	17.1	59.04	12.09	50	66	11	2	"NR_L2_P2_T1_C11_2"
"2.11RI"	4	"CGAGGCTGTATCCTCT"	"TAGCATGGAATAATNNAATA"	2	139.8	"Rizospheric"	53	71	2	1	36	44.1	"TCTGGACCTGGTGAGTTTCC"	10	5.17	7.6	28.86	590.4	1.81	2	1.77	17.1	59.04	12.09	50	39	11	2	"RI_L2_P2_T1_C11_2"
"2.11RO"	4	"CGTACTAGGTAGGGAG"	"TAGCATGGAATAATNNAATA"	2	139.8	"Roots"	53	71	2	1	36	44.1	"TCTGGACCTGGTGAGTTTCC"	10	5.17	7.6	28.86	590.4	1.81	2	1.77	17.1	59.04	12.09	50	13	11	2	"RO_L2_P2_T1_C11_2"
"2.13NR"	5	"TCCTGAGCAGAGTAGA"	"TAGCATGGAATAATNNAATA"	2	42.2	"Non-rizospheric"	30	46	2.4	3	41	10.2	"TCTGGACCTGGTGAGTTTCC"	6	6.34	7.7	26.04	554.5	2.4	3	1.92	9	59.94	14.01	50	69	13	2	"NR_L2_P3_T3_C13_2"
"2.13RI"	5	"AAGAGGCACTCTCTAT"	"TAGCATGGAATAATNNAATA"	2	42.2	"Rizospheric"	30	46	2.4	3	41	10.2	"TCTGGACCTGGTGAGTTTCC"	6	6.34	7.7	26.04	554.5	2.4	3	1.92	9	59.94	14.01	50	41	13	2	"RI_L2_P3_T3_C13_2"
"2.13RO"	5	"CGTACTAGAAGGAGTA"	"TAGCATGGAATAATNNAATA"	2	42.2	"Roots"	30	46	2.4	3	41	10.2	"TCTGGACCTGGTGAGTTTCC"	6	6.34	7.7	26.04	554.5	2.4	3	1.92	9	59.94	14.01	50	15	13	2	"RO_L2_P3_T3_C13_2"
"2.14NR"	6	"GGACTCCTACTGCATA"	"TAGCATGGAATAATNNAATA"	2	66.3	"Non-rizospheric"	38	59	2.8	2	36	15.2	"TCTGGACCTGGTGAGTTTCC"	9	5.17	7.6	28.86	590.4	1.81	2	1.77	7.1	59.04	12.09	70	72	14	2	"NR_L2_P2_T2_C14_2"
"2.14RI"	6	"GTAGAGGACTCTCTAT"	"TAGCATGGAATAATNNAATA"	2	66.3	"Rizospheric"	38	59	2.8	2	36	15.2	"TCTGGACCTGGTGAGTTTCC"	9	5.17	7.6	28.86	590.4	1.81	2	1.77	7.1	59.04	12.09	70	44	14	2	"RI_L2_P2_T2_C14_2"
"2.14RO"	6	"AGGCAGAACTCTCTAT"	"TAGCATGGAATAATNNAATA"	2	66.3	"Roots"	38	59	2.8	2	36	15.2	"TCTGGACCTGGTGAGTTTCC"	9	5.17	7.6	28.86	590.4	1.81	2	1.77	7.1	59.04	12.09	70	18	14	2	"RO_L2_P2_T2_C14_2"
"2.15NR"	7	"CGAGGCTGTAGATCGC"	"TAGCATGGAATAATNNAATA"	2	78.4	"Non-rizospheric"	39	51	2.4	2	36	16	"TCTGGACCTGGTGAGTTTCC"	7	5.17	7.6	28.86	590.4	1.81	2	1.77	12.3	59.04	12.09	62.5	75	15	2	"NR_L2_P2_T2_C15_2"
"2.15RI"	7	"TAAGGCGATAGATCGC"	"TAGCATGGAATAATNNAATA"	2	78.4	"Rizospheric"	39	51	2.4	2	36	16	"TCTGGACCTGGTGAGTTTCC"	7	5.17	7.6	28.86	590.4	1.81	2	1.77	12.3	59.04	12.09	62.5	47	15	2	"RI_L2_P2_T2_C15_2"
"2.15RO"	7	"TAAGGCGATAGATCGC"	"TAGCATGGAATAATNNAATA"	2	78.4	"Roots"	39	51	2.4	2	36	16	"TCTGGACCTGGTGAGTTTCC"	7	5.17	7.6	28.86	590.4	1.81	2	1.77	12.3	59.04	12.09	62.5	21	15	2	"RO_L2_P2_T2_C15_2"
"2.16NR"	8	"CGAGGCTGCTCTCTAT"	"TAGCATGGAATAATNNAATA"	2	75.7	"Non-rizospheric"	41	56	3.6	2	41	19.5	"TCTGGACCTGGTGAGTTTCC"	9	6.34	7.7	26.04	554.5	2.4	3	1.92	8.8	59.94	14.01	80	76	16	2	"NR_L2_P3_T2_C16_2"
"2.16RI"	8	"CGTACTAGCTCTCTAT"	"TAGCATGGAATAATNNAATA"	2	75.7	"Rizospheric"	41	56	3.6	2	41	19.5	"TCTGGACCTGGTGAGTTTCC"	9	6.34	7.7	26.04	554.5	2.4	3	1.92	8.8	59.94	14.01	80	48	16	2	"RI_L2_P3_T2_C16_2"
"2.16RO"	8	"AGGCAGAATATCCTCT"	"TAGCATGGAATAATNNAATA"	2	75.7	"Roots"	41	56	3.6	2	41	19.5	"TCTGGACCTGGTGAGTTTCC"	9	6.34	7.7	26.04	554.5	2.4	3	1.92	8.8	59.94	14.01	80	22	16	2	"RO_L2_P3_T2_C16_2"
"2.2.2US"	0	"AAGAGGCAAGAGTAGA"	"TAGCATGGAATAATNNAATA"	0	0	"Uncultivated"	0	0	0	2	36	0	"TCTGGACCTGGTGAGTTTCC"	0	5.17	7.6	28.86	590.4	1.81	2	1.77	0	59.04	12.09	0	0	0	2	"US_P2_T2_2"
"2.3NR"	9	"CGAGGCTGTAGATCGC"	"TAGCATGGAATAATNNAATA"	2	39.2	"Non-rizospheric"	43	46	2	3	31.99	4.8	"TCTGGACCTGGTGAGTTTCC"	5	9.03	8.07	30.61	607.4	1.68	1	2.06	10.6	53.76	15.62	50	57	3	2	"NR_L2_P1_T3_C3_2"
"2.3RI"	9	"AGGCAGAAAGAGTAGA"	"TAGCATGGAATAATNNAATA"	2	39.2	"Rizospheric"	43	46	2	3	31.99	4.8	"TCTGGACCTGGTGAGTTTCC"	5	9.03	8.07	30.61	607.4	1.68	1	2.06	10.6	53.76	15.62	50	30	3	2	"RI_L2_P1_T3_C3_2"
"2.3RO"	9	"TAAGGCGAAGAGTAGA"	"TAGCATGGAATAATNNAATA"	2	39.2	"Roots"	43	46	2	3	31.99	4.8	"TCTGGACCTGGTGAGTTTCC"	5	9.03	8.07	30.61	607.4	1.68	1	2.06	10.6	53.76	15.62	50	4	3	2	"RO_L2_P1_T3_C3_2"
"2.7NR"	10	"CGAGGCTGTATCCTCT"	"TAGCATGGAATAATNNAATA"	2	78	"Non-rizospheric"	38	73	4.8	2	31.99	15.4	"TCTGGACCTGGTGAGTTTCC"	7	9.03	8.07	30.61	607.4	1.68	1	2.06	10.1	53.76	15.62	80	59	7	2	"NR_L2_P1_T2_C7_2"
"2.7RI"	10	"TCCTGAGCGTAGGGAG"	"TAGCATGGAATAATNNAATA"	2	78	"Rizospheric"	38	73	4.8	2	31.99	15.4	"TCTGGACCTGGTGAGTTTCC"	7	9.03	8.07	30.61	607.4	1.68	1	2.06	10.1	53.76	15.62	80	32	7	2	"RI_L2_P1_T2_C7_2"
"2.7RO"	10	"TAAGGCGAACTGCATA"	"TAGCATGGAATAATNNAATA"	2	78	"Roots"	38	73	4.8	2	31.99	15.4	"TCTGGACCTGGTGAGTTTCC"	7	9.03	8.07	30.61	607.4	1.68	1	2.06	10.1	53.76	15.62	80	6	7	2	"RO_L2_P1_T2_C7_2"
"3.1.2US"	0	"GTAGAGGACTCTCTAT"	"TAGCATGGAATAATNNAATA"	0	0	"Uncultivated"	0	0	0	1	41	0	"TCTGGACCTGGTGAGTTTCC"	0	6.34	7.7	26.04	554.5	2.4	3	1.92	0	59.94	14.01	0	0	0	2	"US_P3_T1_2"
"3.10NR"	11	"GTAGAGGAAGAGTAGA"	"TAGCATGGAATAATNNAATA"	3	47.9	"Non-rizospheric"	45	57	2.8	2	41	10.9	"TCTGGACCTGGTGAGTTTCC"	5	6.34	7.7	26.04	554.5	2.4	3	1.92	7.2	59.94	14.01	70	65	10	2	"NR_L3_P3_T2_C10_2"
"3.10RI"	11	"CGAGGCTGCTCTCTAT"	"TAGCATGGAATAATNNAATA"	3	47.9	"Rizospheric"	45	57	2.8	2	41	10.9	"TCTGGACCTGGTGAGTTTCC"	5	6.34	7.7	26.04	554.5	2.4	3	1.92	7.2	59.94	14.01	70	38	10	2	"RI_L3_P3_T2_C10_2"
"3.10RO"	11	"CGTACTAGAGAGTAGA"	"TAGCATGGAATAATNNAATA"	3	47.9	"Roots"	45	57	2.8	2	41	10.9	"TCTGGACCTGGTGAGTTTCC"	5	6.34	7.7	26.04	554.5	2.4	3	1.92	7.2	59.94	14.01	70	12	10	2	"RO_L3_P3_T2_C10_2"
"3.13NR"	12	"TCCTGAGCGTAGGGAG"	"TAGCATGGAATAATNNAATA"	3	150.7	"Non-rizospheric"	69	67	8	1	31.99	53	"TCTGGACCTGGTGAGTTTCC"	11	9.03	8.07	30.61	607.4	1.68	1	2.06	19.6	53.76	15.62	33.33	70	13	2	"NR_L3_P1_T1_C13_2"
"3.13RI"	12	"AAGAGGCAAGAGTAGA"	"TAGCATGGAATAATNNAATA"	3	150.7	"Rizospheric"	69	67	8	1	31.99	53	"TCTGGACCTGGTGAGTTTCC"	11	9.03	8.07	30.61	607.4	1.68	1	2.06	19.6	53.76	15.62	33.33	42	13	2	"RI_L3_P1_T1_C13_2"
"3.13RO"	12	"CGTACTAGCTAAGCCT"	"TAGCATGGAATAATNNAATA"	3	150.7	"Roots"	69	67	8	1	31.99	53	"TCTGGACCTGGTGAGTTTCC"	11	9.03	8.07	30.61	607.4	1.68	1	2.06	19.6	53.76	15.62	33.33	16	13	2	"RO_L3_P1_T1_C13_2"
"3.14NR"	13	"TAGGCATGACTGCATA"	"TAGCATGGAATAATNNAATA"	3	39	"Non-rizospheric"	52	40	1.6	3	31.99	8.5	"TCTGGACCTGGTGAGTTTCC"	5	9.03	8.07	30.61	607.4	1.68	1	2.06	6.5	53.76	15.62	40	73	14	2	"NR_L3_P1_T3_C14_2"
"3.14RI"	13	"GTAGAGGAAGAGTAGA"	"TAGCATGGAATAATNNAATA"	3	39	"Rizospheric"	52	40	1.6	3	31.99	8.5	"TCTGGACCTGGTGAGTTTCC"	5	9.03	8.07	30.61	607.4	1.68	1	2.06	6.5	53.76	15.62	40	45	14	2	"RI_L3_P1_T3_C14_2"
"3.14RO"	13	"AGGCAGAATATCCTCT"	"TAGCATGGAATAATNNAATA"	3	39	"Roots"	52	40	1.6	3	31.99	8.5	"TCTGGACCTGGTGAGTTTCC"	5	9.03	8.07	30.61	607.4	1.68	1	2.06	6.5	53.76	15.62	40	19	14	2	"RO_L3_P1_T3_C14_2"
"3.16NR"	14	"CGAGGCTGTATCCTCT"	"TAGCATGGAATAATNNAATA"	3	91.5	"Non-rizospheric"	58	70	2.4	2	36	12.9	"TCTGGACCTGGTGAGTTTCC"	8	5.17	7.6	28.86	590.4	1.81	2	1.77	10.5	59.04	12.09	25	77	16	2	"NR_L3_P2_T2_C16_2"
"3.16RI"	14	"AGGCAGAATATCCTCT"	"TAGCATGGAATAATNNAATA"	3	91.5	"Rizospheric"	58	70	2.4	2	36	12.9	"TCTGGACCTGGTGAGTTTCC"	8	5.17	7.6	28.86	590.4	1.81	2	1.77	10.5	59.04	12.09	25	49	16	2	"RI_L3_P2_T3_C16_2"
"3.16RO"	14	"AGGCAGAAAGAGTAGA"	"TAGCATGGAATAATNNAATA"	3	91.5	"Roots"	58	70	2.4	2	36	12.9	"TCTGGACCTGGTGAGTTTCC"	8	5.17	7.6	28.86	590.4	1.81	2	1.77	10.5	59.04	12.09	25	23	16	2	"RO_L3_P2_T2_C16_2"
"3.2.2US"	0	"GTAGAGGAAGAGTAGA"	"TAGCATGGAATAATNNAATA"	0	0	"Uncultivated"	0	0	0	2	41	0	"TCTGGACCTGGTGAGTTTCC"	0	6.34	7.7	26.04	554.5	2.4	3	1.92	0	59.94	14.01	0	0	0	2	"US_P3_T2_2"
"3.3.6US"	0	"GTAGAGGAAAGGAGTA"	"TAGCATGGAATAATNNAATA"	0	0	"Uncultivated"	0	0	0	3	41	0	"TCTGGACCTGGTGAGTTTCC"	0	6.34	7.7	26.04	554.5	2.4	3	1.92	0	59.94	14.01	0	0	0	6	"US_P3_T3_6"
"3.4NR"	15	"CGAGGCTGCTCTCTAT"	"TAGCATGGAATAATNNAATA"	3	48.2	"Non-rizospheric"	41	44	2	3	41	8.8	"TCTGGACCTGGTGAGTTTCC"	5	6.34	7.7	26.04	554.5	2.4	3	1.92	10.8	59.94	14.01	90	58	4	2	"NR_L3_P3_T3_C4_2"
"3.4RI"	15	"TCCTGAGCAGAGTAGA"	"TAGCATGGAATAATNNAATA"	3	48.2	"Rizospheric"	41	44	2	3	41	8.8	"TCTGGACCTGGTGAGTTTCC"	5	6.34	7.7	26.04	554.5	2.4	3	1.92	10.8	59.94	14.01	90	31	4	2	"RI_L3_P3_T3_C4_2"
"3.4RO"	15	"TAAGGCGAGTAGGGAG"	"TAGCATGGAATAATNNAATA"	3	48.2	"Roots"	41	44	2	3	41	8.8	"TCTGGACCTGGTGAGTTTCC"	5	6.34	7.7	26.04	554.5	2.4	3	1.92	10.8	59.94	14.01	90	5	4	2	"RO_L3_P3_T3_C4_2"
"3.7NR"	16	"CGAGGCTGAGAGTAGA"	"TAGCATGGAATAATNNAATA"	3	186.6	"Non-rizospheric"	52	84	8.4	1	36	74	"TCTGGACCTGGTGAGTTTCC"	9	5.17	7.6	28.86	590.4	1.81	2	1.77	23.1	59.04	12.09	44.44	60	7	2	"NR_L3_P2_T1_C7_2"
"3.7RI"	16	"GGACTCCTGTAGGGAG"	"TAGCATGGAATAATNNAATA"	3	186.6	"Rizospheric"	52	84	8.4	1	36	74	"TCTGGACCTGGTGAGTTTCC"	9	5.17	7.6	28.86	590.4	1.81	2	1.77	23.1	59.04	12.09	44.44	33	7	2	"RI_L3_P2_T1_C7_2"
"3.7RO"	16	"TAAGGCGAAAGGAGTA"	"TAGCATGGAATAATNNAATA"	3	186.6	"Roots"	52	84	8.4	1	36	74	"TCTGGACCTGGTGAGTTTCC"	9	5.17	7.6	28.86	590.4	1.81	2	1.77	23.1	59.04	12.09	44.44	7	7	2	"RO_L3_P2_T1_C7_2"
"4.12NR"	17	"GTAGAGGAAAGGAGTA"	"TAGCATGGAATAATNNAATA"	4	178.4	"Non-rizospheric"	48	83	6.8	1	36	67	"TCTGGACCTGGTGAGTTTCC"	9	5.17	7.6	28.86	590.4	1.81	2	1.77	19.9	59.04	12.09	85.71	67	12	2	"NR_L4_P2_T1_C12_2"
"4.12RI"	17	"CGAGGCTGAGAGTAGA"	"TAGCATGGAATAATNNAATA"	4	178.4	"Rizospheric"	48	83	6.8	1	36	67	"TCTGGACCTGGTGAGTTTCC"	9	5.17	7.6	28.86	590.4	1.81	2	1.77	19.9	59.04	12.09	85.71	40	12	2	"RI_L4_P2_T1_C12_2"
"4.12RO"	17	"CGTACTAGACTGCATA"	"TAGCATGGAATAATNNAATA"	4	178.4	"Roots"	48	83	6.8	1	36	67	"TCTGGACCTGGTGAGTTTCC"	9	5.17	7.6	28.86	590.4	1.81	2	1.77	19.9	59.04	12.09	85.71	14	12	2	"RO_L4_P2_T1_C12_2"
"4.16NR"	18	"CGAGGCTGAGAGTAGA"	"TAGCATGGAATAATNNAATA"	4	75.7	"Non-rizospheric"	41	56	3.6	2	41	19.5	"TCTGGACCTGGTGAGTTTCC"	9	6.34	7.7	26.04	554.5	2.4	1	1.92	8.8	59.94	14.01	80	78	16	2	"NR_L4_P1_T2_C16_2"
"4.16RI"	18	"AGGCAGAAAGAGTAGA"	"TAGCATGGAATAATNNAATA"	4	75.7	"Rizospheric"	41	56	3.6	2	41	19.5	"TCTGGACCTGGTGAGTTTCC"	9	6.34	7.7	26.04	554.5	2.4	1	1.92	8.8	59.94	14.01	80	50	16	2	"RI_L4_P1_T2_C16_2"
"4.16RO"	18	"TCCTGAGCAGAGTAGA"	"TAGCATGGAATAATNNAATA"	4	75.7	"Roots"	41	56	3.6	2	41	19.5	"TCTGGACCTGGTGAGTTTCC"	9	6.34	7.7	26.04	554.5	2.4	1	1.92	8.8	59.94	14.01	80	24	16	2	"RO_L4_P1_T2_C16_2"
"4.18NR"	19	"AAGAGGCAAGAGTAGA"	"TAGCATGGAATAATNNAATA"	4	152.4	"Non-rizospheric"	59	85	8	1	41	39.2	"TCTGGACCTGGTGAGTTTCC"	10	6.34	7.7	26.04	554.5	2.4	3	1.92	22.4	59.94	14.01	60	80	18	2	"NR_L4_P3_T1_C18_2"
"4.18RI"	19	"TCCTGAGCGTAGGGAG"	"TAGCATGGAATAATNNAATA"	4	152.4	"Rizospheric"	59	85	8	1	41	39.2	"TCTGGACCTGGTGAGTTTCC"	10	6.34	7.7	26.04	554.5	2.4	3	1.92	22.4	59.94	14.01	60	52	18	2	"RI_L4_P3_T1_C18_2"
"4.18RO"	19	"GGACTCCTGTAGGGAG"	"TAGCATGGAATAATNNAATA"	4	152.4	"Roots"	59	85	8	1	41	39.2	"TCTGGACCTGGTGAGTTTCC"	10	6.34	7.7	26.04	554.5	2.4	3	1.92	22.4	59.94	14.01	60	26	18	2	"RO_L4_P3_T1_C18_2"
"4.1NR"	20	"GGACTCCTACTGCATA"	"TAGCATGGAATAATNNAATA"	4	172.7	"Non-rizospheric"	55	81	8.8	1	41	57	"TCTGGACCTGGTGAGTTTCC"	9	6.34	7.7	26.04	554.5	2.4	3	1.92	25.2	59.94	14.01	70	54	1	2	"NR_L4_P3_T1_C1_2"
"4.1RI"	20	"TAAGGCGATAGATCGC"	"TAGCATGGAATAATNNAATA"	4	172.7	"Rizospheric"	55	81	8.8	1	41	57	"TCTGGACCTGGTGAGTTTCC"	9	6.34	7.7	26.04	554.5	2.4	3	1.92	25.2	59.94	14.01	70	28	1	2	"RI_L4_P3_T1_C1_2"
"4.1RO"	20	"TAAGGCGATAGATCGC"	"TAGCATGGAATAATNNAATA"	4	172.7	"Roots"	55	81	8.8	1	41	57	"TCTGGACCTGGTGAGTTTCC"	9	6.34	7.7	26.04	554.5	2.4	3	1.92	25.2	59.94	14.01	70	1	1	2	"RO_L4_P3_T1_C1_2"
"5.14NR"	21	"TAGGCATGAAGGAGTA"	"TAGCATGGAATAATNNAATA"	5	39.7	"Non-rizospheric"	23	38	1.6	3	36	12.6	"TCTGGACCTGGTGAGTTTCC"	5	5.17	7.6	28.86	590.4	1.81	2	1.77	6.3	59.04	12.09	70	74	14	2	"NR_L5_P2_T3_C14_2"
"5.14RI"	21	"GTAGAGGAACTGCATA"	"TAGCATGGAATAATNNAATA"	5	39.7	"Rizospheric"	23	38	1.6	3	36	12.6	"TCTGGACCTGGTGAGTTTCC"	5	5.17	7.6	28.86	590.4	1.81	2	1.77	6.3	59.04	12.09	70	46	14	2	"RO_L5_P2_T3_C14_2"
"5.14RO"	21	"AGGCAGAAAGAGTAGA"	"TAGCATGGAATAATNNAATA"	5	39.7	"Roots"	23	38	1.6	3	36	12.6	"TCTGGACCTGGTGAGTTTCC"	5	5.17	7.6	28.86	590.4	1.81	2	1.77	6.3	59.04	12.09	70	20	14	2	"RO_L5_P2_T3_C14_2"
"5.8NR"	22	"AAGAGGCAAGAGTAGA"	"TAGCATGGAATAATNNAATA"	5	35.5	"Non-rizospheric"	43	45	1.2	3	41	7.5	"TCTGGACCTGGTGAGTTTCC"	6	6.34	7.7	26.04	554.5	2.4	3	1.92	6.2	59.94	14.01	80	62	8	2	"NR_L5_P3_T3_C8_2"
"5.8RI"	22	"TAGGCATGACTGCATA"	"TAGCATGGAATAATNNAATA"	5	35.5	"Rizospheric"	43	45	1.2	3	41	7.5	"TCTGGACCTGGTGAGTTTCC"	6	6.34	7.7	26.04	554.5	2.4	3	1.92	6.2	59.94	14.01	80	35	8	2	"RI_L5_P3_T3_C8_2"
"5.8RO"	22	"CGTACTAGTAGATCGC"	"TAGCATGGAATAATNNAATA"	5	35.5	"Roots"	43	45	1.2	3	41	7.5	"TCTGGACCTGGTGAGTTTCC"	6	6.34	7.7	26.04	554.5	2.4	3	1.92	6.2	59.94	14.01	80	9	8	2	"RO_L5_P3_T3_C8_2"
"6.13NR"	23	"GGACTCCTGTAGGGAG"	"TAGCATGGAATAATNNAATA"	6	222.2	"Non-rizospheric"	67	82	20.8	1	41	79.5	"TCTGGACCTGGTGAGTTTCC"	9	6.34	7.7	26.04	554.5	2.4	3	1.92	33.5	59.94	14.01	90	71	13	2	"NR_L6_P3_T1_C13_2"
"6.13RI"	23	"AAGAGGCACTAAGCCT"	"TAGCATGGAATAATNNAATA"	6	222.2	"Rizospheric"	67	82	20.8	1	41	79.5	"TCTGGACCTGGTGAGTTTCC"	9	6.34	7.7	26.04	554.5	2.4	3	1.92	33.5	59.94	14.01	90	43	13	2	"RI_L6_P3_T1_C13_2"
"6.13RO"	23	"AGGCAGAATAGATCGC"	"TAGCATGGAATAATNNAATA"	6	222.2	"Roots"	67	82	20.8	1	41	79.5	"TCTGGACCTGGTGAGTTTCC"	9	6.34	7.7	26.04	554.5	2.4	3	1.92	33.5	59.94	14.01	90	17	13	2	"RO_L6_P3_T1_C13_2"
"6.16NR"	24	"AAGAGGCACTCTCTAT"	"TAGCATGGAATAATNNAATA"	6	91.5	"Non-rizospheric"	58	70	2.4	1	36	12.9	"TCTGGACCTGGTGAGTTTCC"	8	5.17	7.6	28.86	590.4	1.81	1	1.77	10.5	59.04	12.09	25	79	16	2	"NR_L6_P1_T1_C16_2"
"6.16RI"	24	"TCCTGAGCAGAGTAGA"	"TAGCATGGAATAATNNAATA"	6	91.5	"Rizospheric"	58	70	2.4	1	36	12.9	"TCTGGACCTGGTGAGTTTCC"	8	5.17	7.6	28.86	590.4	1.81	1	1.77	10.5	59.04	12.09	25	51	16	2	"RI_L6_P1_T1_C16_2"
"6.16RO"	24	"TCCTGAGCGTAGGGAG"	"TAGCATGGAATAATNNAATA"	6	91.5	"Roots"	58	70	2.4	1	36	12.9	"TCTGGACCTGGTGAGTTTCC"	8	5.17	7.6	28.86	590.4	1.81	1	1.77	10.5	59.04	12.09	25	25	16	2	"RO_L6_P1_T1_C16_2"
"7.1NR"	25	"TAGGCATGACTGCATA"	"TAGCATGGAATAATNNAATA"	7	166	"Non-rizospheric"	60	88	5.6	1	31.99	48.9	"TCTGGACCTGGTGAGTTTCC"	11	9.03	8.07	30.61	607.4	1.68	1	2.06	26	53.76	15.62	50	55	1	2	"NR_L7_P1_T1_C1_2"
"7.1RI"	25	"CGTACTAGCTCTCTAT"	"TAGCATGGAATAATNNAATA"	7	166	"Rizospheric"	60	88	5.6	1	31.99	48.9	"TCTGGACCTGGTGAGTTTCC"	11	9.03	8.07	30.61	607.4	1.68	1	2.06	26	53.76	15.62	50	29	1	2	"RI_L7_P1_T1_C1_2"
"7.1RO"	25	"TAAGGCGACTCTCTAT"	"TAGCATGGAATAATNNAATA"	7	166	"Roots"	60	88	5.6	1	31.99	48.9	"TCTGGACCTGGTGAGTTTCC"	11	9.03	8.07	30.61	607.4	1.68	1	2.06	26	53.76	15.62	50	2	1	2	"RO_L7_P1_T1_C1_2"
"7.23NR"	26	"AAGAGGCACTAAGCCT"	"TAGCATGGAATAATNNAATA"	7	67.1	"Non-rizospheric"	46	67	5.6	2	41	15.6	"TCTGGACCTGGTGAGTTTCC"	6	6.34	7.7	26.04	554.5	2.4	3	1.92	11.6	59.94	14.01	83.33	81	23	2	"NR_L7_P3_T2_C23_2"
"7.23RI"	26	"GGACTCCTGTAGGGAG"	"TAGCATGGAATAATNNAATA"	7	67.1	"Rizospheric"	46	67	5.6	2	41	15.6	"TCTGGACCTGGTGAGTTTCC"	6	6.34	7.7	26.04	554.5	2.4	3	1.92	11.6	59.94	14.01	83.33	53	23	2	"RI_L7_P3_T2_C23_2"
"7.23RO"	26	"GGACTCCTACTGCATA"	"TAGCATGGAATAATNNAATA"	7	67.1	"Roots"	46	67	5.6	2	41	15.6	"TCTGGACCTGGTGAGTTTCC"	6	6.34	7.7	26.04	554.5	2.4	3	1.92	11.6	59.94	14.01	83.33	27	23	2	"RO_L7_P3_T2_C23_2"
"7.9NR"	27	"AAGAGGCACTAAGCCT"	"TAGCATGGAATAATNNAATA"	7	96.4	"Non-rizospheric"	52	75	4	2	31.99	24.8	"TCTGGACCTGGTGAGTTTCC"	9	9.03	8.07	30.61	607.4	1.68	1	2.06	14.9	53.76	15.62	70	63	9	2	"NR_L7_P1_T2_C9_2"
"7.9RI"	27	"TAGGCATGAAGGAGTA"	"TAGCATGGAATAATNNAATA"	7	96.4	"Rizospheric"	52	75	4	2	31.99	24.8	"TCTGGACCTGGTGAGTTTCC"	9	9.03	8.07	30.61	607.4	1.68	1	2.06	14.9	53.76	15.62	70	36	9	2	"RI_L7_P1_T2_C9_2"
"7.9RO"	27	"CGTACTAGCTCTCTAT"	"TAGCATGGAATAATNNAATA"	7	96.4	"Roots"	52	75	4	2	31.99	24.8	"TCTGGACCTGGTGAGTTTCC"	9	9.03	8.07	30.61	607.4	1.68	1	2.06	14.9	53.76	15.62	70	10	9	2	"RO_L7_P1_T2_C9_2"
"P2"	0	"GGACTCCTGTAGGGAG"	"TAGCATGGAATAATNNAATA"	0	0	"non-rizospheric"	0	0	0	0	36	0	"TCTGGACCTGGTGAGTTTCC"	0	5.17	7.6	28.86	590.4	1.81	2	1.77	0	59.04	12.09	0	0	0	0	"P2"
"P3"	0	"TAGGCATGACTGCATA"	"TAGCATGGAATAATNNAATA"	0	0	"non-rizospheric"	0	0	0	0	41	0	"TCTGGACCTGGTGAGTTTCC"	0	6.34	7.7	26.04	554.5	2.4	3	1.92	0	59.94	14.01	0	0	0	0	"P3"
"S1"	0	"TAAGGCGACTCTCTAT"	"TAGCATGGAATAATNNAATA"	0	0	"Seeds"	0	0	0	0	0	0	"TCTGGACCTGGTGAGTTTCC"	0	0	0	0	0	0	0	0	0	0	0	0	0	0	1	"SE_1"
"S2"	0	"AAGAGGCACTAAGCCT"	"TAGCATGGAATAATNNAATA"	0	0	"Seeds"	0	0	0	0	0	0	"TCTGGACCTGGTGAGTTTCC"	0	0	0	0	0	0	0	0	0	0	0	0	0	0	2	"SE_2"
"S4"	0	"TAAGGCGATAGATCGC"	"TAGCATGGAATAATNNAATA"	0	0	"Seeds"	0	0	0	0	0	0	"TCTGGACCTGGTGAGTTTCC"	0	0	0	0	0	0	0	0	0	0	0	0	0	0	4	"SE_4"
